Date,BTC,ETH,SNT,EUR
02/06/2024,67758.53,3784.9528,0.03551653158,0.9211
01/06/2024,67647.89,3756.2266,0.03560151527,0.9211
31/05/2024,68343.97,3745.2897,0.03559506302,0.9218
30/05/2024,67711.98,3762.5786,0.03604030397,0.9224
29/05/2024,68313.02,3822.6668,0.0367099532,0.9246
28/05/2024,69386.44,3858.295,0.03730454941,0.9196
27/05/2024,68484.02,3801.3107,0.03741467242,0.9207
26/05/2024,69253.27,3747.1139,0.03631881362,0.92125
25/05/2024,68563.99,3725.8296,0.03674393941,0.92125
24/05/2024,67827.84,3768.5169,0.03655172044,0.9216
23/05/2024,69297.09,3743.3851,0.03660686415,0.92413
22/05/2024,70144.69,3782.7658,0.0377016617,0.92223
21/05/2024,71369.73,3668.3001,0.0386307276,0.921245
20/05/2024,66222.45,3073.1032,0.03851751004,0.920385
19/05/2024,66972.63,3124.5805,0.03596909566,0.9179
18/05/2024,66939.82,3094.1352,0.03714718761,0.9179
17/05/2024,65298.85,2944.6721,0.03718564568,0.92005
16/05/2024,66392.06,3037.0939,0.03625789529,0.91967
15/05/2024,61623.04,2890.9995,0.03682114481,0.92001
14/05/2024,62894.83,2950.9286,0.03532700149,0.924525
13/05/2024,61536.73,2939.8921,0.03651149164,0.9264
12/05/2024,60869.99,2921.2714,0.03724910794,0.927
11/05/2024,60855.33,2917.1542,0.03722606634,0.927
10/05/2024,62920.05,3036.2341,0.03741822374,0.92777
09/05/2024,61250.01,2982.4435,0.03908376887,0.927985
08/05/2024,62376.4,3016.9787,0.03793359572,0.930515
07/05/2024,63229.18,3073.4499,0.03788025673,0.92839
06/05/2024,64088.04,3147.9043,0.03906563911,0.92817
05/05/2024,63986.77,3123.1863,0.04110589084,0.92835
04/05/2024,62846.01,3109.0019,0.04031401184,0.92835
03/05/2024,59065.6,2995.1504,0.03995544438,0.92915
02/05/2024,58601.49,2982.6549,0.03854445216,0.93293
01/05/2024,60697.08,3020.1584,0.03838711168,0.936975
30/04/2024,63760.26,3215.8261,0.03793963479,0.936205
29/04/2024,63144.46,3276.7759,0.03948083023,0.932265
28/04/2024,63519.98,3262.7431,0.04019245124,0.93435
27/04/2024,63785.31,3138.1956,0.0414791137,0.93435
26/04/2024,64504.62,3159.7408,0.04150061383,0.934955
25/04/2024,64324.8,3144.7356,0.04113107576,0.93559
24/04/2024,66553.54,3226.5814,0.04146596277,0.93559
23/04/2024,66761.02,3203.5081,0.04314261514,0.93465
22/04/2024,64952.02,3154.885,0.04234928114,0.9392
21/04/2024,64875.75,3152.6366,0.04045612177,0.9375
20/04/2024,63824.06,3061.1119,0.04101531163,0.9375
19/04/2024,63286,3064.6866,0.03823145521,0.93898
18/04/2024,61386.44,2994.9314,0.03807721788,0.938715
17/04/2024,63719.72,3086.2507,0.03639376132,0.93871
16/04/2024,63464.02,3104.6052,0.0372212064,0.941225
15/04/2024,65437.82,3148.3086,0.03696786501,0.94018
14/04/2024,64212.09,3020.6766,0.03915059437,0.93715
13/04/2024,67033.18,3231.1639,0.03684097566,0.93715
12/04/2024,70120.03,3515.9494,0.04191709673,0.939685
11/04/2024,70436.71,3544.0727,0.04873278702,0.9328
10/04/2024,69125.17,3505.5251,0.04766447603,0.931465
09/04/2024,71618.12,3702.1783,0.04791804827,0.921175
08/04/2024,69263.8,3456.3606,0.04927634702,0.921735
07/04/2024,68875.43,3360.5925,0.04720990831,0.92185
06/04/2024,67729.96,3318.1087,0.04510857807,0.92185
05/04/2024,68333.72,3324.0272,0.04447084558,0.922865
04/04/2024,65988.91,3314.8306,0.0450864127,0.92086
03/04/2024,65481.2,3283.1728,0.0436694485,0.923355
02/04/2024,69609,3511.5634,0.04357433601,0.928665
01/04/2024,71249.59,3652.7203,0.04756098312,0.931455
31/03/2024,69632.92,3517.0681,0.05088264261,0.92595
30/03/2024,69820.05,3516.4117,0.0501049436,0.92595
29/03/2024,70803.3,3567.225,0.0518589443,0.9269
28/03/2024,69472.86,3505.8286,0.05223868213,0.925855
27/03/2024,70002.7,3591.1871,0.04927072258,0.92385
26/03/2024,69765.16,3587.7997,0.05107883708,0.923355
25/03/2024,66966.03,3452.4423,0.04789335652,0.92282
24/03/2024,64157.98,3345.325,0.04588451119,0.9205
23/03/2024,63699.97,3331.1195,0.04417996993,0.9205
22/03/2024,65533.28,3505.3801,0.04291231751,0.92535
21/03/2024,67740.03,3509.118,0.04480885978,0.92077
20/03/2024,61915.99,3164.1316,0.04387856205,0.92085
19/03/2024,67749.95,3529.8262,0.04020024378,0.92054
18/03/2024,68308.53,3649.1913,0.04443667578,0.919645
17/03/2024,66031.71,3555.7336,0.04646768422,0.91755
16/03/2024,69561.38,3749.9245,0.04479379104,0.91755
15/03/2024,71536.18,3894.5792,0.04869238251,0.91848
14/03/2024,72961.03,4011.6396,0.05324374045,0.9185
13/03/2024,71421.13,3982.2827,0.0558245666,0.913485
12/03/2024,72263.99,4076.2673,0.05488602444,0.91598
11/03/2024,68820.21,3889.3542,0.05609890691,0.915145
10/03/2024,68323.85,3917.6319,0.05149702587,0.9137
09/03/2024,68080.71,3889.7214,0.05239882,0.9137
08/03/2024,66871.2,3877.8076,0.05068711095,0.91413
07/03/2024,65993.97,3825.5887,0.05141087247,0.914065
06/03/2024,63560.41,3561.7433,0.04817766537,0.91638
05/03/2024,68224.28,3634.0364,0.04593570956,0.92076
04/03/2024,63080.01,3498.8305,0.05126527008,0.920805
03/03/2024,61943.57,3432.504,0.04970651185,0.9216
02/03/2024,62360.1,3439.5805,0.05105088808,0.9216
01/03/2024,61140.04,3347.3371,0.04759020027,0.923
29/02/2024,62078.01,3382.0145,0.04506511391,0.92521
28/02/2024,57042.48,3248.3363,0.04387732453,0.92261
27/02/2024,54560.01,3181.7246,0.0436829681,0.92108
26/02/2024,51691.06,3111.1108,0.04326974146,0.92133
25/02/2024,51568.1,3002.0591,0.04278107588,0.92305
24/02/2024,50751.71,2929.9059,0.04377650182,0.92305
23/02/2024,51284.45,2975.2429,0.04241182071,0.92362
22/02/2024,51775.9,2966.6962,0.04116530919,0.92483
21/02/2024,52294.99,3016.9065,0.04137757641,0.9246
20/02/2024,51797.82,2954.8817,0.04267678855,0.924465
19/02/2024,52132.71,2889.2776,0.0437758697,0.928505
18/02/2024,51647.99,2799.8852,0.04153415048,0.92785
17/02/2024,52124.11,2811.4698,0.04137215069,0.92785
16/02/2024,51883.3,2832.5108,0.04121366454,0.928745
15/02/2024,51837.11,2784.5215,0.04145925446,0.929705
14/02/2024,49676,2647.8073,0.04028048488,0.931695
13/02/2024,49946.97,2672.7136,0.03943782975,0.93314
12/02/2024,48273.97,2514.0675,0.03963351223,0.928215
11/02/2024,47703.97,2506.405,0.03945767107,0.92725
10/02/2024,47195.14,2500.1485,0.03892253837,0.92725
09/02/2024,45369.94,2433.1705,0.03917543806,0.927605
08/02/2024,44419.55,2433.9434,0.03887327684,0.92864
07/02/2024,43110.05,2383.4195,0.03793956601,0.92853
06/02/2024,42699.98,2305.9946,0.03755149282,0.930045
05/02/2024,42588.21,2298.9154,0.0371486452,0.931685
04/02/2024,43000.02,2309.6633,0.0381166933,0.92535
03/02/2024,43170,2320.032,0.03877851846,0.92535
02/02/2024,43066.98,2312.2804,0.03881477836,0.92745
01/02/2024,42604.11,2291.8539,0.03845281053,0.920445
31/01/2024,43006.66,2352.1,0.03802810325,0.92108
30/01/2024,43188.23,2319.5817,0.03922305761,0.92244
29/01/2024,41947.97,2260.5421,0.04009122182,0.925425
28/01/2024,42121.73,2278.7711,0.03924332747,0.9205
27/01/2024,41822.6,2271.6789,0.04031777677,0.9205
26/01/2024,39947.42,2222.7326,0.04062730453,0.920355
25/01/2024,40069.56,2238.7946,0.03818125625,0.922745
24/01/2024,39920.76,2247.3169,0.03869322737,0.9173
23/01/2024,39588.08,2318.7719,0.0377673766,0.923495
22/01/2024,41598.12,2468.2272,0.03818369678,0.91814
21/01/2024,41697.86,2477.1429,0.04135104181,0.9162
20/01/2024,41633.22,2490.8598,0.04168746297,0.9162
19/01/2024,41339.94,2473.1251,0.04245304405,0.918835
18/01/2024,42760.1,2533.5184,0.04114865763,0.920545
17/01/2024,43156.79,2590.1208,0.04195560762,0.921195
16/01/2024,42541.13,2515.9556,0.04094975689,0.919095
15/01/2024,41845.43,2480.7728,0.0394264127,0.9132
14/01/2024,42827.96,2575.3412,0.03890974372,0.9122
13/01/2024,42849.69,2529.5063,0.04065818308,0.9122
12/01/2024,46329.06,2616.958,0.0396622968,0.91221
11/01/2024,46599.08,2585.0706,0.04099631663,0.914015
10/01/2024,46063.42,2350.2635,0.0397140159,0.91263
09/01/2024,47036.79,2334.3953,0.03761887003,0.914955
08/01/2024,43945.06,2222.7218,0.03938033674,0.91136
07/01/2024,43971.9,2242.006,0.03801207462,0.91285
06/01/2024,44139.38,2271.0438,0.04053368434,0.91285
05/01/2024,44141.48,2268.7193,0.04062031244,0.912305
04/01/2024,42803.62,2209.7805,0.04263428941,0.9127
03/01/2024,44955.47,2362.7066,0.04086571554,0.91664
02/01/2024,44245.11,2364.3164,0.04523858755,0.9127
01/01/2024,42396.02,2297.0082,0.04652263755,0.90485
31/12/2023,42206.16,2304.0161,0.04511486706,0.9046
30/12/2023,42040.12,2302.3851,0.04577085605,0.9046
29/12/2023,42631.14,2355.2031,0.04380790852,0.9042
28/12/2023,43421.73,2389.6032,0.04474925866,0.903135
27/12/2023,42484.06,2234.9106,0.04475258897,0.89993
26/12/2023,43573.22,2277.8463,0.04363771562,0.906245
25/12/2023,43033.57,2281.6645,0.0442008339,0.9057
24/12/2023,43687.93,2318.2148,0.04312574454,0.90705
23/12/2023,43975.78,2336.5846,0.04492081108,0.90705
22/12/2023,43846.04,2243.2137,0.04433006305,0.908405
21/12/2023,43637.62,2203.1994,0.0427107063,0.909735
20/12/2023,42269.85,2182.992,0.04227910909,0.91253
19/12/2023,42619.05,2220.5282,0.04074399843,0.91081
18/12/2023,41430.58,2215.2821,0.04125491582,0.91565
17/12/2023,42282.96,2240.5967,0.04157123468,0.9168
16/12/2023,41981.1,2235.4109,0.04299430537,0.9168
15/12/2023,42961.53,2319.4836,0.04253993436,0.91713
14/12/2023,42832.03,2267.0949,0.0447073708,0.909205
13/12/2023,41427.04,2209.3063,0.04356722025,0.92649
12/12/2023,41233.99,2231.6641,0.04187954347,0.927085
11/12/2023,43795.02,2364.186,0.0420848849,0.930615
10/12/2023,43740.05,2353.9034,0.04622471456,0.9282
09/12/2023,44228.39,2369.8255,0.0462207834,0.9282
08/12/2023,43349.04,2360.6813,0.04620173204,0.93033
07/12/2023,43715.38,2234.77,0.04485121377,0.926485
06/12/2023,44093.22,2297.2672,0.0452367487,0.926935
05/12/2023,41829.46,2243.4636,0.04720865755,0.927465
04/12/2023,39996.28,2197.6314,0.04434895768,0.924465
03/12/2023,39434.47,2167.4955,0.04322327962,0.91855
02/12/2023,38701.97,2091.5092,0.04394164223,0.91855
01/12/2023,37688.39,2056.3575,0.04298485393,0.918895
30/11/2023,37854.66,2034.1386,0.04272904453,0.916445
29/11/2023,37832.67,2054.3649,0.04079520655,0.911845
28/11/2023,37241.07,2031.0736,0.04134694101,0.908905
27/11/2023,37451.29,2065.4992,0.04042646441,0.914655
26/11/2023,37777.78,2092.5085,0.04261934556,0.9133
25/11/2023,37705.65,2083.8261,0.04265396077,0.9133
24/11/2023,37317.25,2066.894,0.04277357605,0.914725
23/11/2023,37442.59,2066.3203,0.04077908643,0.9169
22/11/2023,35855.61,1947.0494,0.04038242695,0.92016
21/11/2023,37447.07,2025.9978,0.03779365777,0.91526
20/11/2023,37280.92,2012.9647,0.042820747,0.91372
19/11/2023,36540.04,1967.012,0.04201475078,0.91605
18/11/2023,36559.84,1965.2595,0.04116553633,0.91605
17/11/2023,36138.01,1966.9486,0.04223181156,0.919414
16/11/2023,37815.47,2061.4463,0.04305538099,0.92185
15/11/2023,35578,1986.2957,0.04510066825,0.92143
14/11/2023,36441.37,2057.6853,0.04411483498,0.920585
13/11/2023,37026.56,2047.2948,0.04650421121,0.934645
12/11/2023,37142.19,2057.42,0.04534818403,0.9333
11/11/2023,37326.84,2081.5555,0.04460129681,0.9333
10/11/2023,36657.35,2121.2387,0.04610378275,0.93717
09/11/2023,35586.65,1895.4462,0.04627808649,0.933489
08/11/2023,35338.35,1891.9098,0.04911419853,0.93352
07/11/2023,35004.43,1901.8883,0.04846116886,0.93582
06/11/2023,34939.54,1896.2604,0.04750041036,0.930685
05/11/2023,35070.6,1868.2766,0.05376813963,0.93145
04/11/2023,34694.69,1835.5706,0.05919337622,0.93145
03/11/2023,34849.98,1802.3235,0.05545896709,0.93158
02/11/2023,35478.24,1849.6457,0.05283821345,0.94222
01/11/2023,34600.02,1815.4356,0.05384551413,0.949345
31/10/2023,34465.02,1812.6568,0.05190828808,0.946445
30/10/2023,34545.59,1800.7909,0.0293395951,0.94289
29/10/2023,34068.78,1781.7403,0.02924899212,0.9453
28/10/2023,33899.7,1783.8743,0.02922471662,0.9453
27/10/2023,34132.8,1808.906,0.02863074672,0.94491
26/10/2023,34467.34,1788.9379,0.0291096418,0.949995
25/10/2023,33948.12,1786.6093,0.03006493879,0.945745
24/10/2023,33021.38,1767.8561,0.02807549176,0.944715
23/10/2023,29952.62,1670.5582,0.02776255981,0.938205
22/10/2023,29913.01,1634.7364,0.02653178302,0.94325
21/10/2023,29672.96,1610.9302,0.0271366319,0.94325
20/10/2023,28763.53,1575.2943,0.02648306736,0.9446
19/10/2023,28302.91,1570.2284,0.02521175606,0.94444
18/10/2023,28406.01,1573.6612,0.02535691538,0.949305
17/10/2023,28536.36,1603.3676,0.0264770292,0.944735
16/10/2023,27164.23,1573.5168,0.02532956056,0.948002
15/10/2023,26842.3,1568.7209,0.02498533918,0.95105
14/10/2023,26881.55,1564.6367,0.02400286344,0.95105
13/10/2023,26758.71,1549.3135,0.02354972563,0.951615
12/10/2023,26849.32,1570.2708,0.02307247083,0.947915
11/10/2023,27400.04,1574.8773,0.02278171473,0.942975
10/10/2023,27591.37,1584.5508,0.02349729296,0.9419
09/10/2023,27906.04,1644.4441,0.0235986958,0.94901
08/10/2023,27950.75,1644.2918,0.02411796063,0.94335
07/10/2023,27939.87,1649.9352,0.02419562696,0.94335
06/10/2023,27420.43,1620.1927,0.0244968744,0.945075
05/10/2023,27749.66,1651.6581,0.02308495443,0.949265
04/10/2023,27405.35,1661.9509,0.02326545492,0.95105
03/10/2023,27513.68,1654.7809,0.02353235261,0.956069
02/10/2023,27982.93,1702.9945,0.02327811905,0.953155
01/10/2023,26965.84,1660.7374,0.02433703383,0.9446
30/09/2023,26895.47,1668.9176,0.02357273155,0.9446
29/09/2023,27013.74,1654.6033,0.0238336234,0.945345
28/09/2023,26366.19,1601.2221,0.0234214698,0.94706
27/09/2023,26235.67,1599.4542,0.02290273415,0.952055
26/09/2023,26293.9,1592.4173,0.02248054666,0.94603
25/09/2023,26223.37,1586.3609,0.02255597687,0.944305
24/09/2023,26571.4,1605.2201,0.02253179201,0.93705
23/09/2023,26592.76,1602.2129,0.02341191326,0.93705
22/09/2023,26580.8,1590.0814,0.02287777865,0.9383
21/09/2023,27104.31,1625.3928,0.02250837427,0.937855
20/09/2023,27196.99,1649.0155,0.02295714823,0.931489
19/09/2023,26770.64,1642.774,0.02256755004,0.93603
18/09/2023,26534.11,1632.1718,0.02213789386,0.935425
17/09/2023,26557.8,1642.9641,0.02197126342,0.9369
16/09/2023,26576.54,1646.6902,0.02236015554,0.9369
15/09/2023,26512.72,1629.7877,0.02246525958,0.937095
14/09/2023,26201.61,1612.4977,0.0219835274,0.93875
13/09/2023,25798.88,1595.4309,0.02156214402,0.931015
12/09/2023,25162.48,1552.332,0.02124652775,0.932565
11/09/2023,25843.59,1620.6674,0.0211963144,0.93024
10/09/2023,25893.9,1643.0558,0.02196587124,0.93355
09/09/2023,25903.21,1640.9434,0.02164457904,0.93355
08/09/2023,26234.64,1649.4873,0.02161458407,0.9343
07/09/2023,25757.98,1635.3123,0.02160843408,0.933965
06/09/2023,25773.01,1637.5757,0.02147668637,0.932965
05/09/2023,25832.11,1635.1747,0.02154003469,0.931945
04/09/2023,25958.07,1640.6107,0.02154552481,0.926484
03/09/2023,25859.24,1633.4577,0.02142923807,0.9263
02/09/2023,25795.04,1630.7722,0.02144585168,0.9263
01/09/2023,25966.92,1650.0819,0.02107730722,0.92725
31/08/2023,27290.07,1707.9015,0.0213433826,0.922285
30/08/2023,27724.97,1732.387,0.02202610792,0.91551
29/08/2023,26110,1656.1741,0.02246990027,0.920938
28/08/2023,26065.04,1661.9119,0.02173960725,0.92505
27/08/2023,26007.35,1653.1053,0.02196381229,0.9264
26/08/2023,26054.64,1657.7255,0.02230006372,0.9264
25/08/2023,26180.1,1664.9809,0.02182820251,0.92641
24/08/2023,26450.06,1680.7469,0.02192109812,0.924165
23/08/2023,26122.54,1639.6381,0.02225866289,0.920275
22/08/2023,26134.05,1677.0058,0.02179803047,0.92178
21/08/2023,26182.79,1688.1358,0.02251816907,0.917385
20/08/2023,26085.18,1678.5526,0.0231187221,0.9184
19/08/2023,26069.23,1674.3385,0.02177088104,0.9184
18/08/2023,26659.85,1693.2586,0.02137167622,0.919875
17/08/2023,28764.02,1810.3227,0.02111260399,0.91942
16/08/2023,29201.98,1830.311,0.02269083542,0.91837
15/08/2023,29421.04,1843.2767,0.02429899177,0.915885
14/08/2023,29295.94,1840.4269,0.02525138139,0.914704
13/08/2023,29430.17,1847.7789,0.02521591981,0.9121
12/08/2023,29420.67,1848.8932,0.02586601094,0.9121
11/08/2023,29452.84,1851.9433,0.02572205868,0.913145
10/08/2023,29576.05,1856.5643,0.02582544644,0.907894
09/08/2023,29814.01,1858.2205,0.026094128,0.91105
08/08/2023,29214.05,1830.5321,0.02576750391,0.913385
07/08/2023,29088.91,1863.2023,0.02506214329,0.90895
06/08/2023,29065.05,1865.2758,0.0252847333,0.907
05/08/2023,29118.39,1831.3543,0.02547180344,0.907
04/08/2023,29215.74,1839.5042,0.02542456012,0.90617
03/08/2023,29167.71,1839.5182,0.02551546975,0.91245
02/08/2023,29760.35,1873.5962,0.02486820413,0.91333
01/08/2023,29226.01,1856.2227,0.02523068204,0.91156
31/07/2023,29285.32,1862.1056,0.02524326018,0.90866
30/07/2023,29355.01,1884.0244,0.02564102572,0.9065
29/07/2023,29305.34,1876.9101,0.02644293919,0.9065
28/07/2023,29214.02,1864.0701,0.02561528596,0.90677
27/07/2023,29337.96,1872.7497,0.02538608541,0.909695
26/07/2023,29217.21,1860.0019,0.02552546752,0.903465
25/07/2023,29177.63,1850.02,0.02500175533,0.9055
24/07/2023,30076.96,1884.9165,0.02470898917,0.902485
23/07/2023,29782.33,1866.0106,0.02587199672,0.8982
22/07/2023,29907.93,1888.8037,0.02546208392,0.8982
21/07/2023,29799.99,1889.8031,0.0256678162,0.898915
20/07/2023,29921.32,1886.8799,0.02601842647,0.8991
19/07/2023,29864.97,1894.8913,0.02679081862,0.8936
18/07/2023,30130.04,1907.6368,0.02567170147,0.891915
17/07/2023,30199.96,1910.6658,0.02528771102,0.890215
16/07/2023,30288.03,1926.151,0.02600343296,0.88915
15/07/2023,30295.4,1934.1336,0.02617048863,0.88915
14/07/2023,31440.82,1997.7814,0.02677988972,0.8921
13/07/2023,30388.02,1872.8451,0.0304545063,0.89734
12/07/2023,30612.86,1878.2883,0.02436016086,0.90715
11/07/2023,30410.56,1875.5739,0.02432877738,0.90757
10/07/2023,30137.37,1861.0022,0.02333913761,0.91145
09/07/2023,30274.8,1866.708,0.02368732811,0.91145
08/07/2023,30319.98,1869.6943,0.02356643282,0.91145
07/07/2023,29826.18,1837.1606,0.02358766637,0.91145
06/07/2023,30484.82,1911.1146,0.02360888356,0.91968
05/07/2023,30789.19,1937.7348,0.02471894681,0.92068
04/07/2023,31143.22,1954.5748,0.02532317712,0.91792
03/07/2023,30625.27,1931.2573,0.02416679917,0.91613
02/07/2023,30583.43,1918.6197,0.02398030811,0.91605
01/07/2023,30493.64,1932.1041,0.02486992899,0.91605
30/06/2023,30449.99,1854.1173,0.02379275383,0.91618
29/06/2023,30091.21,1832.1497,0.02271810916,0.9196
28/06/2023,30674.48,1884.8866,0.02262233224,0.91657
27/06/2023,30258,1859.4074,0.02396305654,0.91251
26/06/2023,30441.38,1893.2889,0.0235390567,0.91677
25/06/2023,30529.28,1868.2701,0.02304630324,0.9148
24/06/2023,30638.68,1887.8136,0.02336396744,0.9148
23/06/2023,29918.02,1869.5694,0.02286809745,0.91852
22/06/2023,29999.68,1875.1689,0.021806084,0.91288
21/06/2023,28278.24,1777.309,0.02189351757,0.91153
20/06/2023,26805.47,1733.2149,0.02071848353,0.91621
19/06/2023,26351.21,1722.223,0.02026206009,0.91585
18/06/2023,26520.55,1726.2163,0.02007786755,0.91235
17/06/2023,26340.38,1716.4105,0.02028452277,0.91235
16/06/2023,25545.43,1669.0296,0.02016662695,0.91473
15/06/2023,25096.31,1662.7519,0.02005855734,0.91371
14/06/2023,25943.91,1741.0509,0.0197647845,0.9205
13/06/2023,25910.04,1743.649,0.02042355053,0.92615
12/06/2023,25922.89,1752.8106,0.02038119342,0.93043
11/06/2023,25820.23,1751.2429,0.02031140304,0.9289
10/06/2023,26481.47,1842.5631,0.02006817114,0.9289
09/06/2023,26509.38,1849.1943,0.02296085302,0.93025
08/06/2023,26341.33,1837.8113,0.02255176003,0.927257
07/06/2023,27205.09,1888.6068,0.02261295202,0.935
06/06/2023,25732.42,1813.1428,0.02330669896,0.93557
05/06/2023,27092.18,1889.4436,0.02263201663,0.933576
04/06/2023,27063.05,1893.0282,0.02384114136,0.93235
03/06/2023,27220.07,1906.9102,0.02391852038,0.93235
02/06/2023,26809.55,1863.0468,0.02351914385,0.93366
01/06/2023,27234.27,1872.3837,0.02318108943,0.92937
31/05/2023,27685.48,1897.4915,0.02336932021,0.94023
30/05/2023,27745.91,1889.465,0.02387184747,0.932358
29/05/2023,28136.36,1906.3225,0.02390117123,0.93341
28/05/2023,26854.22,1831.5936,0.02398247052,0.93185
27/05/2023,26708.84,1829.8244,0.02324019008,0.93185
26/05/2023,26473.75,1807.9065,0.0231828069,0.93271
25/05/2023,26327.73,1802.4297,0.02298608659,0.93334
24/05/2023,27222.41,1852.8137,0.02306997432,0.92948
23/05/2023,26849.25,1819.1952,0.02395669541,0.92871
22/05/2023,26747.74,1809.9227,0.02388145958,0.92485
21/05/2023,27102.42,1822.8401,0.02398793893,0.9239
20/05/2023,26887.36,1815.9208,0.02447037419,0.9239
19/05/2023,26821.27,1803.9775,0.02494198081,0.92395
18/05/2023,27402.25,1824.2547,0.02558300501,0.92905
17/05/2023,27033.81,1825.3643,0.0251405519,0.92211
16/05/2023,27158.66,1818.7859,0.02441234119,0.91985
15/05/2023,26917.59,1802.4325,0.02446562624,0.9194
14/05/2023,26785.6,1798.9945,0.02433454896,0.9141
13/05/2023,26795.03,1806.8852,0.02434287556,0.9141
12/05/2023,26968.6,1796.1733,0.02426327702,0.92144
11/05/2023,27598.8,1844.8687,0.02428299905,0.91509
10/05/2023,27629.96,1852.6282,0.02526230463,0.91138
09/05/2023,27667.26,1859.842,0.02485748008,0.9127
08/05/2023,28417.98,1885.1436,0.02427828174,0.90685
07/05/2023,28848.17,1904.6203,0.02593585705,0.892
06/05/2023,29505.92,1996.1702,0.02609204608,0.892
05/05/2023,28852.74,1876.2068,0.02669001147,0.90626
04/05/2023,29022.13,1902.7802,0.0263989658,0.90697
03/05/2023,28669.84,1870.1125,0.02647738476,0.90511
02/05/2023,28067.12,1831.4411,0.02627447158,0.90908
01/05/2023,29190.79,1871.4051,0.02612941722,0.91162
30/04/2023,29230.49,1904.8073,0.02713244176,0.8987
29/04/2023,29308.51,1889.801,0.02726206278,0.8987
28/04/2023,29472.8,1907.6345,0.02713436265,0.90625
27/04/2023,28415.25,1867.0398,0.02701001138,0.90842
26/04/2023,28297.81,1865.9942,0.02683632827,0.90571
25/04/2023,27521.63,1841.3394,0.02698173885,0.91163
24/04/2023,27589.73,1858.7107,0.02663883102,0.906495
23/04/2023,27818.83,1872.4565,0.02720746729,0.9011
22/04/2023,27262.87,1850.2463,0.02752628673,0.9011
21/04/2023,28240.35,1942.19,0.0274005471,0.910706
20/04/2023,28809.24,1936.9334,0.02749883627,0.91195
19/04/2023,30380.05,2103.9122,0.02745541448,0.91196
18/04/2023,29449.25,2075.8933,0.02925672476,0.911868
17/04/2023,30307.41507,2119.545882,0.02853447948,0.91644
16/04/2023,30295.10993,2091.612003,0.02923455405,0.9006
15/04/2023,30467.8083,2101.3541,0.02897599658,0.9006
14/04/2023,30380.7126,2013.6312,0.02913596833,0.91088
13/04/2023,29883.2295,1917.9009,0.02892768891,0.90468
12/04/2023,30203.7818,1891.7245,0.02854417278,0.90954
11/04/2023,29661.4333,1911.9013,0.0294977416,0.91756
10/04/2023,28323.77217,1855.714429,0.02876563923,0.9216
09/04/2023,27938.3767,1846.3812,0.02815462372,0.9094
08/04/2023,27909.609,1860.3145,0.02845082109,0.9094
07/04/2023,28033.8221,1868.2305,0.02816695297,0.91655
06/04/2023,28174.1065,1904.7986,0.02868466748,0.91438
05/04/2023,28161.7377,1869.2485,0.02905081549,0.9175
04/04/2023,27807.76834,1809.424169,0.02838364821,0.91376
03/04/2023,28170.7772,1794.0625,0.02767229218,0.91858
02/04/2023,28452.74021,1817.766339,0.02813212154,0.9199
01/04/2023,28467.88285,1819.395453,0.02949117463,0.92057
31/03/2023,28028.48413,1791.38895,0.02873007725,0.92057
30/03/2023,28348.5437,1793.1328,0.0275280969,0.917221
29/03/2023,27266.6718,1770.4167,0.02783695373,0.92353
28/03/2023,27131.2072,1714.1185,0.02711523049,0.9223
27/03/2023,27970.49883,1771.721036,0.02661196295,0.92695
26/03/2023,27493.601,1742.4593,0.02670653659,0.9275
25/03/2023,27450.90702,1752.048145,0.02637594759,0.9275
24/03/2023,28296.5687,1817.5739,0.02654658633,0.92916
23/03/2023,27261.75281,1737.079609,0.02758093818,0.91787
22/03/2023,28123.81235,1807.05676,0.02673865148,0.92628
21/03/2023,27723.8116,1735.6002,0.02878961991,0.92859
20/03/2023,27960.5165,1784.5718,0.0265663733,0.93253
19/03/2023,26900.8707,1760.965614,0.02812039598,0.93005
18/03/2023,27388.766,1792.4757,0.02716844951,0.93005
17/03/2023,24998.6655,1676.7374,0.0278528044,0.93747
16/03/2023,24286.70022,1654.816805,0.0262936002,0.94157
15/03/2023,24694.4961,1704.6536,0.02582853693,0.94832
14/03/2023,24110.2102,1680.7611,0.02691745059,0.93305
13/03/2023,21996.35382,1588.370359,0.02599808444,0.93154
12/03/2023,20452.2228,1477.9536,0.02460502104,0.9383
11/03/2023,20152.93496,1430.164533,0.02329769063,0.9383
10/03/2023,20370.0069,1438.2141,0.02282094263,0.93775
09/03/2023,21704.00142,1533.519046,0.02293303818,0.94529
08/03/2023,22197.6588,1561.062,0.02464795405,0.94748
07/03/2023,22402.4204,1566.02,0.0258522447,0.94553
06/03/2023,22428.6582,1564.4943,0.02651178277,0.93552
05/03/2023,22347.03072,1567.734502,0.02672615348,0.93895
04/03/2023,22354.893,1569.2871,0.02673323695,0.93895
03/03/2023,23466.6755,1648.1644,0.02693337409,0.94202
02/03/2023,23638.9824,1665.9322,0.02918833999,0.94384
01/03/2023,23126.84311,1604.180853,0.0303259787,0.93714
28/02/2023,23495.24032,1633.628754,0.0298825515,0.94268
27/02/2023,23556.2553,1641.376,0.03117285218,0.94394
26/02/2023,23164.8803,1595.675,0.02981587256,0.9448
25/02/2023,23190.4354,1608.771,0.0292538345,0.9448
24/02/2023,23938.3238,1650.2095,0.0297573684,0.94834
23/02/2023,24189.6192,1643.3021,0.02965884501,0.94491
22/02/2023,24453.2537,1660.3077,0.02967746856,0.94143
21/02/2023,24840.3916,1704.326262,0.0301788183,0.93805
20/02/2023,24295.4446,1682.0428,0.03105769834,0.9356
19/02/2023,24632.5653,1692.5501,0.03026757209,0.9328
18/02/2023,24566.9638,1688.2629,0.02991474525,0.9328
17/02/2023,23549.9584,1637.0959,0.02970695744,0.93659
16/02/2023,24331.04759,1670.370445,0.0283685281,0.93575
15/02/2023,22202.6563,1557.0171,0.02951426647,0.9362
14/02/2023,21773.52817,1513.296178,0.02751182074,0.93266
13/02/2023,21784.9464,1525.3292,0.02686736068,0.9328
12/02/2023,21864.4863,1546.8055,0.02787705015,0.93445
11/02/2023,21635.5236,1520.3617,0.02839115452,0.93445
10/02/2023,21788.52851,1552.452911,0.02787617496,0.93712
09/02/2023,22961.8383,1658.3829,0.02788375708,0.92985
08/02/2023,23251.8694,1678.3319,0.02997441489,0.93175
07/02/2023,22756.372,1621.524,0.03028932449,0.93417
06/02/2023,22931.35882,1638.048585,0.02937969655,0.93244
05/02/2023,23324.6017,1673.9454,0.02941127241,0.92355
04/02/2023,23431.6868,1672.5805,0.03107348965,0.92355
03/02/2023,23468.9785,1652.171,0.03210527728,0.92276
02/02/2023,23719.3791,1655.6512,0.03349633761,0.91651
01/02/2023,23130.9161,1598.7421,0.03264657044,0.91592
31/01/2023,22833.314,1577.6944,0.02639338227,0.92106
30/01/2023,23749.461,1659.9173,0.02545620039,0.92017
29/01/2023,23024.957,1581.5592,0.02731993836,0.91975
28/01/2023,23071.4588,1607.3429,0.02653772075,0.91975
27/01/2023,23018.1861,1612.7875,0.02744986946,0.92122
26/01/2023,23075.99594,1623.572177,0.0264313182,0.92037
25/01/2023,22633.85278,1570.711174,0.02629724525,0.91764
24/01/2023,22917.8383,1629.7305,0.02515295312,0.92011
23/01/2023,22717.532,1630.5893,0.02616965229,0.9207
22/01/2023,22777.8509,1629.5682,0.0255893318,0.91935
21/01/2023,22667.3593,1661.3314,0.02586673016,0.91935
20/01/2023,21074.94553,1553.230457,0.02556885038,0.92311
19/01/2023,20669.59581,1517.95966,0.02394536981,0.92555
18/01/2023,21136.70788,1565.293758,0.02318896303,0.92418
17/01/2023,21183.01845,1577.819767,0.02512275229,0.92617
16/01/2023,20874.78748,1553.058044,0.02449253202,0.92379
15/01/2023,20951.2141,1552.4133,0.02425046895,0.92185
14/01/2023,19921.96716,1453.167314,0.02392466699,0.92185
13/01/2023,18851.0079,1418.2492,0.02276988846,0.92517
12/01/2023,17943.63093,1388.182987,0.02204316765,0.92431
11/01/2023,17439.74515,1335.75436,0.02169209872,0.93028
10/01/2023,17179.14283,1321.539213,0.0211721614,0.93182
09/01/2023,17114.08109,1288.118039,0.0209774226,0.92949
08/01/2023,16943.76168,1263.156131,0.02020767772,0.93775
07/01/2023,16951.15832,1269.304968,0.01943818723,0.93775
06/01/2023,16831.1192,1251.0164,0.01947352867,0.94164
05/01/2023,16852.13279,1257.390386,0.0194424764,0.95047
04/01/2023,16674.5087,1214.9439,0.01937318899,0.94162
03/01/2023,16673.74875,1214.772991,0.0191144154,0.94755
02/01/2023,16617.2544,1201.323435,0.01910640822,0.9385
01/01/2023,16537.4542,1197.1444,0.01890889402,0.93225
31/12/2022,16608.07087,1200.644747,0.01860048253,0.93225
30/12/2022,16636.99312,1201.761285,0.01846387734,0.93567
29/12/2022,16547.53492,1190.805154,0.01877241834,0.93733
28/12/2022,16706.2494,1212.82112,0.01876151291,0.9418
27/12/2022,16919.82303,1228.551574,0.0199625738,0.93838
26/12/2022,16832.92337,1219.770522,0.02057212499,0.94075
25/12/2022,16836.196,1221.8455,0.0208489671,0.94137
24/12/2022,16779.5308,1220.410523,0.02107223942,0.94137
23/12/2022,16819.7954,1218.169383,0.02092587783,0.94137
22/12/2022,16818.78091,1214.764217,0.02085555662,0.9445
21/12/2022,16901.38001,1218.982117,0.02081205799,0.94356
20/12/2022,16441.86651,1170.24341,0.0208435368,0.940601
19/12/2022,16741.11829,1186.875971,0.01995274045,0.9412
18/12/2022,16779.0901,1189.663264,0.02088605094,0.94345
17/12/2022,16636.47029,1169.16453,0.02049816887,0.94345
16/12/2022,17358.52252,1267.817677,0.02055980076,0.942285
15/12/2022,17794.87527,1310.008051,0.0224912103,0.93986
14/12/2022,17779.86762,1322.697562,0.02315118326,0.93841
13/12/2022,17202.4905,1275.005702,0.02347540202,0.94098
12/12/2022,17089.44609,1263.242563,0.02282982337,0.94806
11/12/2022,17129.86355,1266.763509,0.02309319847,0.94815
10/12/2022,17128.16109,1262.762063,0.02349598117,0.94783
09/12/2022,17226.67597,1280.575767,0.02301829127,0.94783
08/12/2022,16835.04924,1231.761843,0.02262167017,0.94764
07/12/2022,17089.81611,1271.07482,0.02221430774,0.95195
06/12/2022,16967.68378,1259.408605,0.02288043257,0.9521
05/12/2022,17112.09583,1279.645298,0.02292245486,0.9516
04/12/2022,16880.83041,1240.853428,0.02320098133,0.949
03/12/2022,17092.1973,1294.8408,0.02293741878,0.949
02/12/2022,16972.46462,1275.835856,0.0232440216,0.95131
01/12/2022,17165.41157,1294.835894,0.02314754089,0.9525
30/11/2022,16438.7456,1217.14,0.02328847776,0.968965
29/11/2022,16213.3896,1168.7013,0.02234908289,0.966005
28/11/2022,16425.21291,1194.281155,0.02201716345,0.963
27/11/2022,16457.25328,1205.801239,0.02275526733,0.9602
26/11/2022,16513.9287,1198.4439,0.02280399282,0.9602
25/11/2022,16609.3759,1204.774,0.02274083471,0.96133
24/11/2022,16624.7795,1186.067,0.02389314652,0.96105
23/11/2022,16221.67,1138.829,0.02282087461,0.965415
22/11/2022,15781.03008,1107.693913,0.0218325661,0.973445
21/11/2022,16286.8064,1143.382,0.02090560024,0.976855
20/11/2022,16704.48043,1219.821308,0.02120462184,0.9666
19/11/2022,16704.6214,1212.813971,0.02271477381,0.9666
18/11/2022,16692.92278,1200.797267,0.02143989368,0.966655
17/11/2022,16670.39512,1217.59653,0.02111795253,0.968382
16/11/2022,16898.2358,1253.7473,0.02141666288,0.962
15/11/2022,16614.28715,1242.079348,0.0218473992,0.963695
14/11/2022,16331.35218,1223.653758,0.02115831213,0.968155
13/11/2022,16800.9926,1259.0258,0.02030278866,0.96405
12/11/2022,17047.8221,1290.4865,0.02135939663,0.96405
11/11/2022,17592.6207,1298.9448,0.02221062499,0.967755
10/11/2022,15897.5166,1099.633444,0.02313968853,0.982745
09/11/2022,18545.16182,1333.58082,0.01948386537,0.996205
08/11/2022,20590.7499,1567.4369,0.025282386,0.990895
07/11/2022,20918.1723,1572.8043,0.02850638992,1.000705
06/11/2022,21302.3297,1626.7032,0.02837915769,1.00165
05/11/2022,21145.628,1643.8873,0.0295792042,1.00165
04/11/2022,20205.27906,1530.997575,0.02971288176,1.008625
03/11/2022,20150.54441,1518.775211,0.02817629985,1.02525
02/11/2022,20481.979,1578.719,0.02769690044,1.014035
01/11/2022,20495.70599,1571.898057,0.02854918782,1.014305
31/10/2022,20620.8161,1589.0586,0.02854804317,1.011995
30/10/2022,20809.80881,1619.152889,0.02833048901,1.00355
29/10/2022,20595.37894,1554.4098,0.02915573698,1.00355
28/10/2022,20292.40585,1514.216064,0.02915812054,1.006385
27/10/2022,20766.80989,1566.498187,0.02802961775,1.00245
26/10/2022,20081.82064,1459.724557,0.02880918843,0.992605
25/10/2022,19330.2129,1343.3106,0.02833037255,1.005075
24/10/2022,19564.5146,1363.0932,0.02756271328,1.013075
23/10/2022,19203.7979,1313.0186,0.02757324899,1.01405
22/10/2022,19162.5376,1299.598,0.02712533535,1.01405
21/10/2022,19042.7405,1282.9002,0.0271960274,1.015785
20/10/2022,19123.6291,1285.6969,0.02708027769,1.020125
19/10/2022,19329.1763,1310.3055,0.02669711706,1.023625
18/10/2022,19546.0154,1330.8539,0.02758670164,1.014595
17/10/2022,19256.40623,1305.280202,0.02849479677,1.016265
16/10/2022,19066.0574,1275.0055,0.02793957795,1.02845
15/10/2022,19182.2476,1296.634,0.02855055965,1.02845
14/10/2022,19380.65578,1287.291287,0.02985931709,1.028675
13/10/2022,19155.03423,1294.896552,0.03249855687,1.022445
12/10/2022,19060.6544,1280.2618,0.02916089705,1.032895
11/10/2022,19133.07734,1290.34819,0.02702267007,1.023605
10/10/2022,19443.0047,1322.7366,0.02743758502,1.031865
09/10/2022,19415.1815,1315.5734,0.02845866207,1.02668
08/10/2022,19533.27671,1331.742277,0.02816652837,1.02668
07/10/2022,19956.8027,1361.288,0.02807338892,1.024475
06/10/2022,20157.0733,1358.6797,0.02812452065,1.020305
05/10/2022,20339.9766,1369.288,0.02836490471,1.013895
04/10/2022,19621.4414,1329.7521,0.0285909846,1.002845
03/10/2022,19057.6437,1285.278216,0.02802468517,1.020375
02/10/2022,19311.0991,1319.7301,0.02768579988,1.01991
01/10/2022,19424.06007,1337.383616,0.02821015578,1.01991
30/09/2022,19595.19645,1345.393796,0.02822963627,1.02205
29/09/2022,19417.11887,1345.846463,0.02872564853,1.022185
28/09/2022,19109.88148,1343.341991,0.02831915414,1.030585
27/09/2022,19224.7583,1349.3468,0.02837644712,1.04388
26/09/2022,18802.6997,1311.5121,0.02913039173,1.03968
25/09/2022,18923.4988,1338.093,0.02904822887,1.03203
24/09/2022,19290.27961,1340.063003,0.03015175656,1.03203
23/09/2022,19404.73613,1339.28325,0.03107072322,1.02915
22/09/2022,18480.42574,1261.130984,0.03177602265,1.015995
21/09/2022,18873.9083,1337.8963,0.0292189456,1.013345
20/09/2022,19537.1129,1401.509559,0.02873793226,1.002405
19/09/2022,19420.56091,1362.696456,0.02849032849,0.998735
18/09/2022,20121.8493,1488.838918,0.0279630707,0.99847
17/09/2022,19803.71233,1449.230219,0.03116417105,0.99847
16/09/2022,19702.014,1493.868,0.02975432679,0.999625
15/09/2022,20221.79021,1655.166316,0.03005931721,0.999635
14/09/2022,20175.70209,1591.41389,0.02975794484,0.999825
13/09/2022,22399.97823,1742.588434,0.03050272063,1.000355
12/09/2022,21818.60296,1784.625042,0.0351943959,0.98615
11/09/2022,21648.39,1797.1989,0.03115135975,0.98485
10/09/2022,21362.69347,1740.804001,0.02984443479,0.98485
09/09/2022,19324.6317,1653.8723,0.0299605963,0.995025
08/09/2022,19283.33315,1647.238134,0.02928853332,1.003245
07/09/2022,18785.90733,1575.18707,0.02797297141,1.002975
06/09/2022,19786.6074,1632.183137,0.02711169842,1.009255
05/09/2022,20000.39948,1594.498923,0.02853110692,1.006995
04/09/2022,19830.80646,1574.022276,0.02880123873,1.00425
03/09/2022,19957.5713,1594.4149,0.02840667873,1.00425
02/09/2022,20123.43013,1604.147018,0.02852611485,1.002895
01/09/2022,20053.474,1572.8162,0.02890528232,1.005815
31/08/2022,19794.2573,1540.1108,0.02920657417,0.994645
30/08/2022,20295.05747,1569.090083,0.02918371372,0.997445
29/08/2022,19539.5807,1441.0825,0.02934990981,0.998752
28/08/2022,20032.7284,1508.0004,0.02826530183,1.00345
27/08/2022,20254.82006,1535.242664,0.02863754553,1.00345
26/08/2022,21563.19311,1705.004678,0.02822421804,1.002085
25/08/2022,21367.72491,1660.851074,0.0303627569,1.004285
24/08/2022,21512.99519,1667.741148,0.02924957664,1.005195
23/08/2022,21412.8329,1629.7592,0.02914308504,1.00235
22/08/2022,21511.40548,1624.192761,0.0289474302,1.006325
21/08/2022,21138.10908,1582.116312,0.02945851612,0.995835
20/08/2022,20836.67633,1618.057728,0.02911100811,0.995835
19/08/2022,23192.0722,1848.7237,0.02878270166,0.996405
18/08/2022,23338.393,1847.735246,0.03258722712,0.990335
17/08/2022,23858.86042,1892.87299,0.03307743739,0.983526
16/08/2022,24088.5357,1917.3466,0.03401334831,0.983485
15/08/2022,24300.94304,1950.426503,0.03447041073,0.982865
14/08/2022,24443.20772,1997.8545,0.03491978034,0.974325
13/08/2022,24399.2979,1974.6185,0.03532654976,0.974325
12/08/2022,23934.3906,1897.582,0.03507395758,0.974995
11/08/2022,23956.8358,1867.474228,0.03466121005,0.967985
10/08/2022,23145.39408,1710.543852,0.0336487737,0.968865
09/08/2022,23817.559,1785.4938,0.03222648709,0.978835
08/08/2022,23173.56449,1707.436681,0.03403225297,0.980665
07/08/2022,22941.6741,1696.5739,0.03319869838,0.982235
06/08/2022,23296.01436,1742.544328,0.03332643952,0.982235
05/08/2022,22603.22935,1615.141116,0.03294144013,0.982235
04/08/2022,22817.3353,1626.124886,0.03167399166,0.976885
03/08/2022,22986.79764,1641.113058,0.03172622773,0.985505
02/08/2022,23281.93087,1641.834316,0.03257105742,0.980855
01/08/2022,23311.5556,1691.5817,0.03379091085,0.973285
31/07/2022,23635.63636,1707.158871,0.03201256435,0.97795
30/07/2022,23789.5514,1739.2731,0.0313932293,0.97795
29/07/2022,23852.00876,1736.437411,0.03138456005,0.981125
28/07/2022,22954.99807,1648.385207,0.03131074733,0.985235
27/07/2022,21279.62235,1462.783344,0.03048212971,0.988735
26/07/2022,21317.184,1451.74,0.02873913352,0.987545
25/07/2022,22583.91577,1607.725798,0.02854753016,0.978765
24/07/2022,22459.03629,1559.141487,0.03090839848,0.979
23/07/2022,22683.3616,1546.9792,0.0306496692,0.979
22/07/2022,23153.3584,1586.2305,0.03092138516,0.976895
21/07/2022,23219.1382,1531.9813,0.03096656682,0.982635
20/07/2022,23409.933,1556.3268,0.03071824666,0.981315
19/07/2022,22517.0955,1597.162684,0.03209388932,0.976755
18/07/2022,20787.37682,1346.946369,0.0311920431,0.983545
17/07/2022,21207.85095,1363.644408,0.02975296883,0.99138
16/07/2022,20825.95713,1242.129491,0.03040711355,0.99138
15/07/2022,20587.367,1202.1311,0.02999300111,0.992345
14/07/2022,20241.3541,1121.1215,0.02943754633,1.000995
13/07/2022,19330.0263,1041.4937,0.02916456526,0.991785
12/07/2022,19961.3584,1106.729634,0.02824249061,0.99365
11/07/2022,20849.27192,1175.965972,0.02786820308,0.993565
10/07/2022,21584.98166,1222.185401,0.02997779501,0.98175
09/07/2022,21594.39562,1222.001238,0.03136170753,0.98175
08/07/2022,21654.1355,1247.103757,0.03076684006,0.983805
07/07/2022,20562.57347,1191.386285,0.03059471234,0.984765
06/07/2022,20209.97547,1139.118762,0.03022356379,0.982875
05/07/2022,20219.6652,1155.2573,0.03047297658,0.976295
04/07/2022,19317.458,1081.6856,0.03202156123,0.95948
03/07/2022,19249.3473,1070.315094,0.03006084765,0.9589
02/07/2022,19266.38852,1062.563525,0.02949742003,0.9589
01/07/2022,19922.81905,1073.686462,0.02899218084,0.96082
30/06/2022,20117.9242,1103.895,0.02778694027,0.9538
29/06/2022,20278.898,1148.0614,0.02889215938,0.9569
28/06/2022,20715.20137,1197.904507,0.02988756089,0.95009
27/06/2022,21036.933,1205.8617,0.03042941252,0.94368
26/06/2022,21504.60597,1248.067063,0.02957910088,0.94725
25/06/2022,21221.5269,1230.390778,0.03022436996,0.94725
24/06/2022,21097.6645,1149.156,0.03039307175,0.94821
23/06/2022,19975.72993,1057.690207,0.02962301193,0.95168
22/06/2022,20722.22585,1134.108596,0.02817332319,0.94548
21/06/2022,20577.5997,1132.7445,0.02911358124,0.94924
20/06/2022,20580.038,1132.8838,0.02821496702,0.9505
19/06/2022,19010.4765,1000.821,0.02763611806,0.9528
18/06/2022,20461.9237,1093.1285,0.02700863251,0.9528
17/06/2022,20406.0243,1072.133,0.02756252832,0.95493
16/06/2022,22579.09595,1241.454354,0.02633892894,0.94655
15/06/2022,22174.8006,1216.3363,0.02887636862,0.96293
14/06/2022,22456.7808,1209.600814,0.02745272239,0.9595
13/06/2022,26599.66116,1446.288167,0.02769332826,0.95762
12/06/2022,28415.5422,1539.1446,0.03195921275,0.950765
11/06/2022,29095.1811,1673.366383,0.03429929426,0.950765
10/06/2022,30078.13233,1799.73866,0.03667080775,0.95059
09/06/2022,30212.85108,1803.317294,0.03948770844,0.93895
08/06/2022,31120.2203,1823.3981,0.0398158168,0.93223
07/06/2022,31380.1353,1881.2685,0.04102039996,0.93435
06/06/2022,29930.4593,1819.086978,0.04279558489,0.93479
05/06/2022,29847.32634,1834.507594,0.04473645306,0.93285
04/06/2022,29705.77615,1795.281447,0.04242901526,0.93285
03/06/2022,30461.94854,1850.402662,0.04307659901,0.9326
02/06/2022,29795.17499,1830.217022,0.04236820207,0.93065
01/06/2022,31779.99955,1956.342982,0.03873582511,0.93983
31/05/2022,31734.2022,2008.0673,0.03823367374,0.93193
30/05/2022,29468.0772,1821.1235,0.03804980993,0.9275
29/05/2022,29031.30737,1814.62853,0.03542997239,0.931505
28/05/2022,28605.61109,1733.168435,0.0349108382,0.931505
27/05/2022,29194.91,1809.4888,0.03452502626,0.934
26/05/2022,29554.5432,1955.9631,0.03661189508,0.93368
25/05/2022,29654.5966,1992.1097,0.04019595973,0.93829
24/05/2022,29096.33019,1991.824392,0.03526086155,0.93198
23/05/2022,30295.92774,2061.146944,0.03476065805,0.9365
22/05/2022,29445.06212,1995.853839,0.03674478066,0.94675
21/05/2022,29205.28752,1981.411791,0.0343225503,0.94675
20/05/2022,30319.70837,2039.065838,0.03256451369,0.94781
19/05/2022,28696.6142,1929.1163,0.03386130558,0.94444
18/05/2022,30446.06728,2107.876242,0.03259243243,0.9529
17/05/2022,29833.0525,2031.37839,0.03576974689,0.94854
16/05/2022,31293.22239,2147.945165,0.03422744156,0.95901
15/05/2022,30076.9329,2058.8749,0.03661299915,0.96055
14/05/2022,29289.7779,2012.0259,0.03456250834,0.96055
13/05/2022,29012.3858,1958.5821,0.03198058925,0.96055
12/05/2022,29044.2593,2076.2308,0.02900785804,0.964895
11/05/2022,31000.9768,2344.8802,0.0317101312,0.94917
10/05/2022,30106.43456,2239.565182,0.0410261826,0.9486
09/05/2022,34062.894,2523.537496,0.04013473399,0.9455
08/05/2022,35478.5649,2639.7191,0.04577310718,0.948
07/05/2022,36019.5551,2697.7517,0.04795726229,0.948
06/05/2022,36571.6072,2751.9133,0.05093670387,0.94605
05/05/2022,39690.0317,2943.6787,0.05263323692,0.9512
04/05/2022,37723.63989,2784.916796,0.05787971064,0.94816
03/05/2022,38509.95277,2859.943528,0.05371015699,0.95112
02/05/2022,38465.5131,2829.069,0.05431211913,0.95131
01/05/2022,37636.02142,2734.908739,0.05478855871,0.94835
30/04/2022,38600.01985,2820.833804,0.05367091461,0.94835
29/04/2022,39746.6764,2940.3813,0.05814927642,0.9482
28/04/2022,39235.7651,2892.4452,0.0600693041,0.95154
27/04/2022,38115.3023,2814.8725,0.06045090036,0.9462
26/04/2022,40420.00524,3009.6142,0.05939345205,0.93805
25/04/2022,39464.99826,2928.665418,0.06253517514,0.93329
24/04/2022,39441.6583,2941.0767,0.06345901578,0.92598
23/04/2022,39715.1349,2968.0086,0.06372819372,0.92598
22/04/2022,40480.3508,2990.015,0.06444661761,0.92731
21/04/2022,41353.67676,3083.14093,0.06535991908,0.92233
20/04/2022,41493.8019,3106.9042,0.06596699494,0.92186
19/04/2022,40799.9436,3060.3374,0.06715000666,0.92631
18/04/2022,39695.5398,2997.2418,0.06601363432,0.92846
17/04/2022,40374.3856,3062.7604,0.06504488899,0.924695
16/04/2022,40554.4702,3047.5085,0.06861284987,0.924695
15/04/2022,39933.8888,3025.38363,0.07106679197,0.92535
14/04/2022,41131.7362,3122.8519,0.06760049715,0.92448
13/04/2022,40074.96197,3036.10395,0.06560061775,0.91872
12/04/2022,39529.55042,2986.587013,0.0624329996,0.92268
11/04/2022,42149.9799,3206.7931,0.05962364656,0.9194
10/04/2022,42760.39588,3268.050935,0.06954200358,0.91947
09/04/2022,42251.5612,3197.9921,0.0697012231,0.91947
08/04/2022,43425.24409,3233.109855,0.06427875162,0.91968
07/04/2022,43154.77454,3173.681729,0.06624373378,0.91908
06/04/2022,45479.96945,3411.694262,0.06452044201,0.91664
05/04/2022,46598.16005,3522.454431,0.07198252747,0.9162
04/04/2022,46429.49649,3523.096957,0.07271711893,0.91114
03/04/2022,45793.52919,3444.198983,0.07705972586,0.9051
02/04/2022,46249.9684,3456.4658,0.07613289118,0.9054
01/04/2022,45520.19684,3285.492609,0.07750098808,0.9054
31/03/2022,47055.99305,3387.408869,0.07710382356,0.902405
30/03/2022,47442.24333,3404.908873,0.07772180697,0.89623
29/03/2022,47086.20129,3336.272801,0.07377158073,0.902242
28/03/2022,46824.60641,3294.195743,0.07599634433,0.90959
27/03/2022,44532.13385,3149.463637,0.07855655694,0.91045
26/03/2022,44314.41581,3107.888314,0.07955265724,0.91045
25/03/2022,43997.59787,3115.563195,0.06152463939,0.90991
24/03/2022,42901.78799,3034.650592,0.06192429901,0.91006
23/03/2022,42362.02323,2971.953643,0.06129378118,0.90874
22/03/2022,41064.53843,2897.019513,0.06100598092,0.9078
21/03/2022,41219.86354,2865.824096,0.05819891474,0.90555
20/03/2022,42207.51024,2950.245385,0.05830187641,0.90395
19/03/2022,41752.50102,2941.942866,0.05946523731,0.90395
18/03/2022,40912.96043,2822.085396,0.05808153483,0.90376
17/03/2022,41115.36918,2778.745613,0.05742565436,0.89931
16/03/2022,39301.17956,2620.790469,0.05695813155,0.9091
15/03/2022,39669.01847,2596.259656,0.05616470523,0.91395
14/03/2022,37784.66665,2522.281257,0.05674692421,0.91162
13/03/2022,38803.98637,2577.750542,0.05562429649,0.91642
12/03/2022,38729.04139,2566.191612,0.05921696217,0.91642
11/03/2022,39427.62799,2617.918276,0.05590433137,0.91432
10/03/2022,41950.43524,2732.053927,0.05742943988,0.90854
09/03/2022,38741.22398,2588.655843,0.06203678822,0.9034
08/03/2022,38021.16231,2503.103464,0.05854828336,0.91888
07/03/2022,38398.93546,2569.549526,0.05631144697,0.92041
06/03/2022,39399.035,2676.7601,0.05295356111,0.913435
05/03/2022,39144.65309,2629.957405,0.05493410716,0.913435
04/03/2022,42465.00663,2852.993744,0.05351691504,0.91594
03/03/2022,43901.74614,2963.764412,0.05546659623,0.90448
02/03/2022,44404.9179,2983.4188,0.05717299924,0.90014
01/03/2022,43182.0054,2931.7687,0.05788196536,0.9004
28/02/2022,37703.77404,2635.760611,0.05635129899,0.89103
27/02/2022,39091.9507,2792.1015,0.05136178564,0.8871
26/02/2022,39226.46287,2770.631716,0.05365964391,0.8871
25/02/2022,38329.38683,2601.791716,0.05125876111,0.88829
24/02/2022,37216.40439,2591.126219,0.04807038876,0.8971
23/02/2022,38227.7774,2640.4628,0.04958436266,0.883755
22/02/2022,37060.00781,2579.544872,0.05000459392,0.8813
21/02/2022,38362.69454,2634.33081,0.04885716516,0.8815
20/02/2022,40096.00167,2768.927315,0.052746097,0.8832
19/02/2022,39991.16762,2788.020721,0.05451356765,0.8832
18/02/2022,40528.1251,2891.9721,0.05525291184,0.882765
17/02/2022,43874.0659,3126.4848,0.05538545666,0.879705
16/02/2022,44522.9589,3181.9594,0.05979771537,0.878965
15/02/2022,42550.18171,2938.568608,0.06075431206,0.8798
14/02/2022,42046.3787,2877.0377,0.05717215888,0.884675
13/02/2022,42181.8713,2920.9481,0.05865285357,0.8811
12/02/2022,42374.9792,2934.972,0.05891874855,0.8811
11/02/2022,43510.53408,3074.640969,0.05789913917,0.877195
10/02/2022,44376.4542,3246.8971,0.06262130382,0.870365
09/02/2022,44017.46576,3118.414183,0.06390757138,0.874755
08/02/2022,43837.65656,3140.523217,0.06596540171,0.875775
07/02/2022,42396.15324,3055.882417,0.06383880274,0.874625
06/02/2022,41426.2539,3020.0692,0.05645413146,0.8734
05/02/2022,41556.70335,2991.668105,0.05648855961,0.8734
04/02/2022,37282.736,2690.9014,0.05490170323,0.873155
03/02/2022,36876.007,2681.9238,0.05064006015,0.875295
02/02/2022,38699.1814,2793.2257,0.04950489092,0.885205
01/02/2022,38465.16237,2689.116436,0.04982464031,0.89003
31/01/2022,37913.2395,2605.5429,0.04939581444,0.89223
30/01/2022,38161.92909,2602.61718,0.04917591049,0.89703
29/01/2022,37741.9284,2548.5067,0.04992614923,0.89703
28/01/2022,37062.96443,2424.03063,0.04883775056,0.89625
27/01/2022,36786.69371,2466.030388,0.04758952479,0.89725
26/01/2022,36948.83937,2459.684045,0.04766059549,0.8865
25/01/2022,36637.1927,2444.3887,0.04554310067,0.886125
24/01/2022,36245.2641,2542.4014,0.0459094507,0.884125
23/01/2022,35044.33393,2411.954763,0.04912167653,0.881465
22/01/2022,36452.3925,2573.6066,0.04578724691,0.881465
21/01/2022,40721.94741,3010.655837,0.05039953505,0.881575
20/01/2022,41697.05934,3099.29253,0.0569711585,0.882395
19/01/2022,42373.5257,3171.3412,0.05867555135,0.881515
18/01/2022,42229.52722,3219.258878,0.06014120093,0.882135
17/01/2022,43072.25578,3351.399314,0.06172131387,0.876815
16/01/2022,43099.97907,3331.375193,0.06299478129,0.875955
15/01/2022,43061.11596,3312.161663,0.06395105823,0.875955
14/01/2022,42549.959,3245.7687,0.06504104883,0.876375
13/01/2022,43888.844,3373.8813,0.06180452894,0.872325
12/01/2022,42710.8475,3239.9182,0.06161771367,0.874995
11/01/2022,41835.6622,3087.9618,0.05890580436,0.880085
10/01/2022,41841.86352,3159.754601,0.05693967346,0.882955
09/01/2022,41686.15811,3096.00773,0.05973104349,0.88015
08/01/2022,41543.1601,3201.9761,0.05917377197,0.88015
07/01/2022,43136.99445,3418.008118,0.06158484458,0.881155
06/01/2022,43403.542,3554.2026,0.06464175138,0.884515
05/01/2022,45850.55626,3796.654582,0.06621678985,0.8825
04/01/2022,46412.0796,3771.4726,0.07212274739,0.885625
03/01/2022,47311.9467,3838.5395,0.07177077542,0.886115
02/01/2022,47722.9397,3777.2303,0.07334266197,0.879395
01/01/2022,46198.20378,3685.986363,0.06990463948,0.879395
31/12/2021,47139.359,3721.8755,0.06862764193,0.878975
30/12/2021,46430.48122,3640.373261,0.06983220356,0.883475
29/12/2021,47547.8655,3808.7489,0.0689532951,0.8817
28/12/2021,50667.98834,4044.256508,0.07083621617,0.883835
27/12/2021,50787.26383,4071.642379,0.07512922028,0.882574
26/12/2021,50390.38929,4099.685282,0.07422621353,0.8818
25/12/2021,50768.743,4049.1365,0.07461244714,0.8818
24/12/2021,50795.59806,4112.805045,0.07429967021,0.88407
23/12/2021,48593.0256,3984.6046,0.07486161215,0.8834
22/12/2021,48903.6213,4023.0643,0.07175063979,0.883425
21/12/2021,46911.81316,3939.558289,0.07140312286,0.88782
20/12/2021,46706.43566,3927.116629,0.0696468762,0.885545
19/12/2021,46778.2382,3963.925808,0.07107767412,0.88983
18/12/2021,46163.4033,3880.897521,0.07157530869,0.88983
17/12/2021,47646.9818,3965.1851,0.07078221201,0.88716
16/12/2021,48858.9746,4019.2212,0.07247866712,0.884145
15/12/2021,48356.78932,3867.637877,0.07425170439,0.88809
14/12/2021,46727.9998,3792.8126,0.0745534031,0.8875
13/12/2021,50071.2779,4138.943628,0.07914003777,0.885285
12/12/2021,49286.48759,4085.729265,0.0742496463,0.883645
11/12/2021,47130.0125,3910.7981,0.0738129808,0.883645
10/12/2021,47639.04474,4129.37257,0.07154069642,0.883509
09/12/2021,50460.03848,4439.345954,0.07526241503,0.886185
08/12/2021,50588.98583,4310.244505,0.0807330916,0.882625
07/12/2021,50520.54442,4358.190658,0.08031324854,0.88897
06/12/2021,49368.4935,4200.7952,0.08121450714,0.8862
05/12/2021,49220.046,4120.112139,0.07988780851,0.8839
04/12/2021,53548.269,4229.8035,0.07632363165,0.8839
03/12/2021,56489.30066,4522.420618,0.08998741671,0.884265
02/12/2021,57190.9823,4590.6256,0.09864479208,0.883915
01/12/2021,56970.0072,4637.115751,0.09563505609,0.883195
30/11/2021,57767.63041,4448.375063,0.09798538529,0.886185
29/11/2021,57213.04314,4298.53108,0.1070197567,0.88784
28/11/2021,54819.26739,4099.295458,0.09100935892,0.8835
27/11/2021,53559.31318,4042.297963,0.09384270544,0.8835
26/11/2021,58913.59806,4524.33246,0.09607406264,0.884325
25/11/2021,57193.1442,4276.9243,0.09198276841,0.89168
24/11/2021,57531.14977,4345.398588,0.08909919688,0.8931
23/11/2021,56257.89896,4098.833946,0.08934181001,0.88778
22/11/2021,58711.91337,4280.027888,0.08878625323,0.88815
21/11/2021,59669.73598,4417.183082,0.09409071971,0.8865
20/11/2021,58068.7452,4300.913881,0.08901776167,0.8865
19/11/2021,56959.90007,4006.803096,0.08777409043,0.883795
18/11/2021,60347.5863,4291.5766,0.08459142515,0.880476
17/11/2021,60110.70413,4222.071862,0.09249913221,0.883945
16/11/2021,63609.9984,4571.8677,0.08865824868,0.8821
15/11/2021,65499.74201,4634.11355,0.0937162249,0.875835
14/11/2021,64385.1823,4655.0937,0.09271026281,0.87389
13/11/2021,64173.73874,4677.051357,0.09353503245,0.87389
12/11/2021,64774.2645,4727.829421,0.09284008265,0.873585
11/11/2021,64933.59977,4642.050924,0.09510269975,0.87203
10/11/2021,66929.45112,4739.446434,0.09561783334,0.868045
09/11/2021,67510.91942,4817.782387,0.1025109573,0.863165
08/11/2021,63278.23164,4623.573969,0.09676605826,0.862745
07/11/2021,61454.05234,4521.470284,0.09479829298,0.864735
06/11/2021,60958.66574,4485.262594,0.09405061495,0.864735
05/11/2021,61419.26964,4537.561461,0.09617280823,0.864735
04/11/2021,62906.69418,4603.645402,0.09650335074,0.866455
03/11/2021,63167.43465,4585.91115,0.09573534063,0.863505
02/11/2021,60939.35966,4330.602976,0.0949464859,0.863695
01/11/2021,61290.08156,4295.127856,0.09273292306,0.862685
31/10/2021,61855.94186,4327.840655,0.09636228484,0.864975
30/10/2021,62225.01295,4414.742546,0.08888147966,0.864975
29/10/2021,60599.65957,4287.93886,0.08762337432,0.866535
28/10/2021,58437.9831,3945.3471,0.08532556923,0.855945
27/10/2021,60332.0231,4137.8404,0.08079420725,0.861585
26/10/2021,63072.74533,4221.854877,0.08833132458,0.863115
25/10/2021,60883.77302,4088.79476,0.08915118136,0.861555
24/10/2021,61330.0096,4167.6736,0.08798373845,0.8586
23/10/2021,60690.28731,3981.137704,0.08913472687,0.8586
22/10/2021,62196.96439,4067.368273,0.08782022706,0.859586
21/10/2021,65961.04976,4158.8009,0.08760074902,0.8592
20/10/2021,64252.7263,3884.143,0.09070486618,0.85789
19/10/2021,62020.0126,3756.9331,0.08707236202,0.859465
18/10/2021,61543.2647,3856.226215,0.08782515466,0.86055
17/10/2021,60867.89484,3836.379833,0.08794255705,0.862135
16/10/2021,61698.03022,3874.766891,0.09039611931,0.862135
15/10/2021,57312.38379,3791.987672,0.08947235489,0.8623
14/10/2021,57385.8884,3608.9164,0.09332758022,0.863145
13/10/2021,56030.57101,3499.203294,0.09096297681,0.863765
12/10/2021,57399.22647,3542.105961,0.08679069251,0.867285
11/10/2021,54695.9213,3429.6781,0.0919739405,0.8649
10/10/2021,54926.17141,3582.206042,0.09358370512,0.8639
09/10/2021,53962.199,3567.8012,0.0968258242,0.8639
08/10/2021,53781.69778,3592.201077,0.09940532813,0.864566
07/10/2021,55315.91067,3585.050523,0.09255742599,0.865515
06/10/2021,51500.05703,3509.940941,0.09178953083,0.866288
05/10/2021,49273.7109,3395.026,0.0884028452,0.861725
04/10/2021,48186.6468,3424.0484,0.08300237545,0.860505
03/10/2021,47674.37104,3397.249707,0.08306608457,0.8624
02/10/2021,48147.56863,3313.777141,0.08284900868,0.8624
01/10/2021,43767.70377,3007.802247,0.08198318291,0.8621
30/09/2021,41536.5941,2855.1193,0.07533471571,0.864045
29/09/2021,41004.5985,2811.9907,0.0714858804,0.861935
28/09/2021,42111.84328,2929.048132,0.06592334348,0.855945
27/09/2021,43204.9623,3066.1482,0.07174414027,0.8545
26/09/2021,42670.36335,2933.932183,0.07399575108,0.853235
25/09/2021,42803.6421,2936.397,0.07618248567,0.853235
24/09/2021,44863.4232,3159.9768,0.0773381749,0.85353
23/09/2021,43536.0381,3079.180575,0.08253202553,0.851705
22/09/2021,40718.9889,2769.0927,0.08080686102,0.852043
21/09/2021,42832.2783,2972.7091,0.07237929459,0.852765
20/09/2021,47236.5087,3334.9831,0.07856414276,0.852835
19/09/2021,48310.0679,3442.2762,0.090995118,0.852813
18/09/2021,47281.1175,3404.8274,0.09414674917,0.852813
17/09/2021,47762.1245,3577.1171,0.09400385729,0.852795
16/09/2021,48150.0101,3611.0175,0.09665193119,0.8502
15/09/2021,47068.4868,3430.0608,0.09496567658,0.847134
14/09/2021,44932.42346,3293.025718,0.09304674527,0.845916
13/09/2021,46057.4156,3417.8972,0.08988501451,0.846865
12/09/2021,45136.6393,3274.9041,0.09436952085,0.846403
11/09/2021,44852.1612,3216.9992,0.09213326877,0.846403
10/09/2021,46376.4646,3433.987,0.09010185482,0.846095
09/09/2021,46051.3805,3502.6584,0.09638511373,0.845135
08/09/2021,46778.3093,3435.37,0.09293680611,0.845895
07/09/2021,52668.6218,3937.4973,0.09371075382,0.844165
06/09/2021,51747.2295,3959.7173,0.1202979378,0.842435
05/09/2021,49914.74827,3892.892452,0.1214747166,0.841503
04/09/2021,50001.53054,3947.56638,0.1125741984,0.841503
03/09/2021,49289.8967,3795.3939,0.1047154395,0.841195
02/09/2021,48829.9747,3828.9017,0.1009622278,0.842885
01/09/2021,47131.564,3439.5209,0.09966489807,0.844005
31/08/2021,46973.534,3229.163,0.09619301099,0.846985
30/08/2021,48763.4158,3230.8939,0.09192868139,0.847709
29/08/2021,48879.928,3246.9984,0.09683870194,0.847788
28/08/2021,49042.1753,3273.9851,0.09704811211,0.847788
27/08/2021,46838.8608,3102.9291,0.09860264015,0.847415
26/08/2021,48987.1091,3231.9817,0.0958590162,0.850485
25/08/2021,47680.9414,3180.2573,0.1018814315,0.850295
24/08/2021,49540.1129,3326.254,0.1007256652,0.8514
23/08/2021,49279.95149,3248.270528,0.1065737511,0.852
22/08/2021,48845.54568,3233.67976,0.09843439393,0.85492
21/08/2021,49307.45729,3289.507085,0.09877328496,0.85492
20/08/2021,46753.2071,3186.5441,0.1001280631,0.854445
19/08/2021,44752.5042,3029.5245,0.09622549845,0.855542
18/08/2021,44681.517,3021.522,0.09254570232,0.854518
17/08/2021,45942.6024,3160.3397,0.09466438393,0.8538
16/08/2021,47056.2741,3314.0409,0.1005866619,0.849135
15/08/2021,47056.9824,3272.7754,0.1025417202,0.847716
14/08/2021,47794.48831,3328.817409,0.1024626809,0.847716
13/08/2021,44399.9813,3049.5017,0.09879769635,0.847422
12/08/2021,45554.7756,3172.4227,0.09081309487,0.851765
11/08/2021,45587.99083,3148.359506,0.09601778237,0.85151
10/08/2021,46306.06843,3171.017142,0.08937674959,0.8534
09/08/2021,43793.24565,3020.302816,0.08803602071,0.8516
08/08/2021,44598.25,3167.28,0.08546236593,0.850138
07/08/2021,42775.45633,2895.233101,0.09067870594,0.850138
06/08/2021,40863.39531,2833.986697,0.08362286807,0.850594
05/08/2021,39740.02634,2728.52268,0.08161765198,0.844715
04/08/2021,38200.89,2509.32,0.0802117857,0.844559
03/08/2021,39178.21564,2614.468964,0.07831687984,0.842638
02/08/2021,39918.95677,2566.159574,0.08179861754,0.842415
01/08/2021,41582.55976,2537.632791,0.0811856296,0.842673
31/07/2021,42278.66,2474.15,0.08225873267,0.842673
30/07/2021,39990.47,2381.44,0.08365869654,0.8432
29/07/2021,40016.36,2303.04,0.07579603612,0.841745
28/07/2021,39454.99,2300.95,0.07217242375,0.846425
27/07/2021,37292.76,2234.19,0.06822657418,0.845045
26/07/2021,35340.07,2193.54,0.06688324405,0.846655
25/07/2021,34245.83567,2189.507069,0.06610668032,0.849524
24/07/2021,33577.41288,2128.271095,0.06671217612,0.849524
23/07/2021,32293.94,2026.59,0.06690896275,0.849865
22/07/2021,32129.59,1995.33,0.06741147371,0.850224
21/07/2021,29801.49,1790.52,0.05530881642,0.847925
20/07/2021,30813.64,1821.23,0.05150718847,0.849355
19/07/2021,31771.72,1898.18,0.05523102787,0.847395
18/07/2021,31513,1904.33,0.05894508879,0.84707
17/07/2021,31382.29,1880.08,0.0599667541,0.84707
16/07/2021,31750.78,1913.53,0.05860550923,0.846925
15/07/2021,32824.58581,1997.924472,0.0621337611,0.847355
14/07/2021,32716.29421,1944.208938,0.06581170341,0.845
13/07/2021,33149.98568,2055.188057,0.06579916249,0.847125
12/07/2021,34224.74266,2147.775882,0.06717176866,0.843385
11/07/2021,33511.51654,2124.601732,0.06864152853,0.841963
10/07/2021,33813.49467,2153.280803,0.06457534315,0.841963
09/07/2021,32896.81031,2127.128068,0.06626623565,0.8426
08/07/2021,33868.69289,2319.278144,0.06324613008,0.844274
07/07/2021,34220.71217,2328.754646,0.07114295115,0.847375
06/07/2021,33691.16529,2200.304074,0.07135731042,0.846465
05/07/2021,35308.19788,2327.212601,0.071525929,0.842638
04/07/2021,34674.43979,2230.287982,0.07435257732,0.842815
03/07/2021,33803.88376,2141.332908,0.07453616603,0.842815
02/07/2021,33504.93,2115.94,0.06758409897,0.844488
01/07/2021,35019.70484,2276.911315,0.07078044824,0.8441
30/06/2021,35857.882,2165.320994,0.07812574697,0.843845
29/06/2021,34472.11,2085.95,0.08752443367,0.840505
28/06/2021,34622,1978.8,0.04874423136,0.83875
27/06/2021,32274.97,1831.96,0.04478604981,0.837795
26/06/2021,31664.78879,1821.330291,0.04143111173,0.837795
25/06/2021,34662.83097,1991.998072,0.04155203528,0.837785
24/06/2021,33612.34,1971.05,0.0461742767,0.838215
23/06/2021,32470.84,1876.98,0.04126325753,0.837705
22/06/2021,31694.01,1895.12,0.03759356456,0.837885
21/06/2021,35677.32937,2248.258928,0.04224497752,0.838975
20/06/2021,35548.68,2178.25,0.05793322841,0.842861
19/06/2021,35727.16,2231.11,0.06043435852,0.842861
18/06/2021,38026.05,2373.3,0.06355804318,0.842205
17/06/2021,38340.49131,2370.285532,0.07014414644,0.8405
16/06/2021,40160.01,2549.03,0.0704093547,0.8255
15/06/2021,40527.71,2584.61,0.07353750063,0.8246
14/06/2021,39106.54,2512.8,0.07461038837,0.825048
13/06/2021,35506.77,2375.39,0.07184834046,0.825835
12/06/2021,37328.2,2355.85,0.06961625127,0.825835
11/06/2021,36646.86,2473.3,0.07566486954,0.82648
10/06/2021,37343.28596,2613.278032,0.08214000416,0.8212
09/06/2021,33403.62668,2518.918934,0.08534065195,0.821315
08/06/2021,33566.18,2592.03,0.08088223447,0.821005
07/06/2021,35827.5,2717.42,0.0859363238,0.819908
06/06/2021,35512.37,2634.93,0.09256081472,0.821926
05/06/2021,36847.86,2690.36,0.09014308765,0.821926
04/06/2021,39192.46,2854.91,0.09410724947,0.8221